name,AQI,PM2.5,PM10,CO,CO2,O3/1,O3/8,SO2
轻度污染,121,29,191,2.761,11,41,31,14
良,99,32,147,2.811,10,40,23,18
中度污染,158,36,266,2.308,38,23,38,10
中度污染,163,39,276,2.582,26,35,36,11
轻度污染,128,27,205,2.918,19,32,37,15
中度污染,158,120,217,2.783,70,7,12,21
轻度污染,132,25,213,2.47,12,48,44,13
轻度污染,125,82,199,3.653,60,8,28,54
轻度污染,107,23,163,2.328,24,38,34,8
轻度污染,135,77,220,3.15,62,15,9,61
轻度污染,135,103,213,3.221,84,27,14,79
中度污染,158,38,266,2.403,24,38,33,10
中度污染,153,117,174,3.541,29,11,9,18
轻度污染,148,113,229,3.856,58,8,17,38
轻度污染,137,104,213,3.538,76,9,9,39
轻度污染,130,99,187,1.422,60,10,8,20
轻度污染,122,83,194,3.295,30,36,27,51
轻度污染,138,103,226,3.854,121,7,19,41
中度污染,160,122,217,2.292,92,8,37,27
轻度污染,147,86,243,3.221,34,40,26,37
轻度污染,125,92,199,3.169,73,14,11,102
轻度污染,120,91,168,1.362,58,35,14,30
轻度污染,137,104,192,3.188,30,34,39,30
轻度污染,138,105,152,3.27,36,13,13,14
轻度污染,121,27,192,2.95,18,36,36,13
轻度污染,135,103,214,3.342,77,9,10,44
轻度污染,119,87,187,3.122,91,19,16,89
轻度污染,124,66,197,3.445,61,13,27,52
轻度污染,125,68,200,3.441,63,9,19,60
轻度污染,114,69,177,3.231,36,35,31,41
轻度污染,118,89,167,3.008,37,30,14,40
轻度污染,150,98,250,3.951,46,22,10,29
轻度污染,150,115,228,3.595,37,29,16,30
轻度污染,115,87,178,3.956,76,10,16,33
良,80,25,109,2.188,30,25,23,16
轻度污染,129,98,152,3.315,24,42,18,28
轻度污染,145,111,206,2.962,24,16,14,6
轻度污染,120,86,189,3.047,90,17,20,66
轻度污染,137,104,144,3.772,48,7,17,19
轻度污染,138,105,205,3.761,55,23,10,42
轻度污染,131,72,212,3.291,34,33,18,50
良,81,24,112,2.298,40,16,23,15
良,84,19,118,2.6,20,42,38,11
轻度污染,116,72,182,3.278,49,23,31,49
轻度污染,117,88,174,3.279,55,17,9,44
中度污染,160,122,196,3.177,33,25,35,21
轻度污染,125,87,200,3.806,136,7,31,45
轻度污染,128,97,199,4.898,87,7,27,28
轻度污染,121,72,191,4.692,57,7,16,18
轻度污染,117,63,183,3.388,38,31,14,29
轻度污染,102,52,154,2.664,47,45,16,27
良,100,73,150,1.636,51,29,12,35
轻度污染,106,76,161,3.015,66,27,23,41
中度污染,154,90,257,4.116,52,7,11,22
轻度污染,115,49,180,3.781,64,8,29,43
轻度污染,130,43,209,3.117,24,19,12,32
轻度污染,144,110,196,3.304,37,31,34,33
轻度污染,125,95,160,3.008,28,15,12,18
轻度污染,127,96,136,3.42,50,9,23,18
中度污染,156,100,261,4.14,41,9,7,27
轻度污染,121,68,192,3.8,64,18,36,25
轻度污染,101,72,152,3.299,26,25,17,25
良,82,41,114,2.705,11,61,30,15
轻度污染,123,73,196,4.423,67,7,25,23
轻度污染,127,28,203,2.964,24,32,34,14
轻度污染,115,87,170,3.287,77,9,20,28
轻度污染,119,90,173,1.315,52,48,24,26
轻度污染,139,106,189,3.043,27,13,14,8
轻度污染,124,94,135,3.005,21,26,22,13
良,100,60,149,3.219,123,13,34,45
良,84,44,117,2.616,11,60,36,35
轻度污染,112,84,144,1.525,114,11,24,27
轻度污染,110,83,164,3.313,36,25,23,19
轻度污染,118,45,185,3.579,63,12,36,22
轻度污染,122,92,159,3.114,31,11,12,21
轻度污染,111,82,172,4.868,103,7,37,32
轻度污染,119,67,188,3.413,32,44,18,37
轻度污染,110,32,169,3.047,26,23,16,32
轻度污染,109,82,118,3.116,32,25,26,23
轻度污染,120,68,190,3.922,41,7,8,17
轻度污染,128,41,205,3.215,34,12,18,22
轻度污染,110,48,169,3.835,60,7,20,30
良,89,50,128,3.243,41,23,30,24
轻度污染,117,88,177,3.14,35,27,47,32
良,98,73,105,2.902,28,25,25,17
轻度污染,125,41,200,3.197,37,11,16,21
轻度污染,109,26,168,3.074,30,26,28,16
轻度污染,103,77,116,2.934,32,29,27,15
轻度污染,117,88,155,3.066,32,10,13,15
轻度污染,108,53,165,3.557,62,26,41,25
中度污染,168,127,201,3.27,35,16,32,24
良,80,59,87,3.185,41,12,17,25
轻度污染,112,37,173,3.151,31,38,38,15
轻度污染,116,36,181,3.207,28,21,18,28
轻度污染,114,31,177,3.349,49,8,22,24
良,88,26,126,3.161,64,9,35,15
良,94,70,103,2.978,34,17,24,17
轻度污染,112,36,174,3.114,18,34,24,25
轻度污染,111,37,171,3.072,22,40,29,22
轻度污染,107,52,164,3.349,47,39,38,35
轻度污染,109,36,168,3.076,24,43,34,18
良,76,31,101,2.761,51,32,12,23
良,77,46,104,3.807,68,8,34,20
轻度污染,109,70,168,3.341,113,32,14,42
良,85,29,120,4.373,83,7,33,20
轻度污染,111,26,171,3.01,34,25,31,16
良,85,24,120,2.867,60,19,46,21
轻度污染,137,104,185,3.215,34,39,32,25
轻度污染,109,82,141,3.091,21,24,13,13
轻度污染,114,86,122,3.19,36,26,24,25
轻度污染,133,83,216,3.571,56,11,18,41
轻度污染,123,72,196,3.405,50,17,17,29
轻度污染,108,51,165,3.257,32,22,14,57
良,87,44,124,3.196,42,25,29,24
轻度污染,108,37,166,2.902,40,12,18,32
良,99,69,148,2.957,22,40,56,23
轻度污染,109,82,118,3.251,39,18,26,17
良,92,68,134,5.466,71,7,14,32
轻度污染,111,83,172,3.929,76,28,13,40
良,99,56,147,3.467,131,27,20,43
良,93,43,136,2.991,36,26,24,23
良,94,70,127,1.049,53,48,46,22
良,88,65,99,1.346,63,30,20,23
良,97,55,144,4.36,55,7,10,15
良,94,70,113,3.075,43,24,25,21
轻度污染,106,73,162,3.521,64,52,23,37
良,87,41,123,3.031,37,25,24,24
良,75,24,100,2.549,11,59,29,8
中度污染,152,116,194,3.12,27,37,36,22
轻度污染,114,86,142,3.512,37,9,12,14
轻度污染,102,70,153,3.659,100,29,40,37
良,82,26,114,2.375,27,33,25,12
良,94,70,123,1.17,92,22,27,23
轻度污染,105,66,160,3.018,78,34,21,45
良,95,57,139,3.757,47,20,10,30
轻度污染,105,70,160,3.2,79,19,9,48
良,89,49,128,2.603,90,37,37,38
轻度污染,115,87,131,3.105,28,15,24,11
良,92,55,134,3.073,63,22,15,61
良,76,19,102,2.555,31,43,48,10
良,75,35,99,2.558,7,64,45,13
良,89,62,127,4.774,88,8,38,33
良,100,67,149,2.831,15,49,55,26
良,89,53,127,2.793,50,21,10,53
良,98,70,145,3.647,51,14,9,55
良,92,53,134,3.934,41,10,8,24
良,100,68,150,3.538,70,49,34,40
良,75,30,100,3.248,66,13,40,24
良,97,34,143,3.104,38,11,18,35
良,74,21,97,2.558,16,57,41,7
良,92,68,110,3.167,32,23,11,13
良,95,53,139,2.531,73,52,30,37
良,77,37,104,3.016,35,43,17,26
良,78,31,105,2.256,40,54,28,26
轻度污染,104,63,157,3.088,40,15,21,26
轻度污染,102,67,154,3.145,41,11,18,17
轻度污染,102,76,154,3.627,39,9,8,39
良,97,50,144,3.106,45,17,23,28
良,86,46,122,4.301,53,7,7,15
良,77,34,103,3.872,47,11,9,46
良,84,62,101,1.286,75,27,25,22
良,75,24,100,3.026,85,12,37,17
良,67,20,83,2.266,27,50,22,12
良,85,47,119,2.827,51,10,8,39
良,67,37,83,4.121,68,7,47,13
良,74,20,97,2.432,14,48,29,8
良,86,62,121,2.606,36,59,30,26
轻度污染,102,25,153,2.379,22,42,38,11
良,88,65,124,0.969,37,62,36,15
良,67,30,84,2.906,19,48,29,16
良,93,52,135,3.301,36,7,9,18
良,81,38,111,3.512,35,8,9,25
良,84,55,118,1.23,33,53,22,20
轻度污染,104,61,157,3.33,30,31,22,24
良,75,36,99,3.4,44,7,17,28
良,92,36,133,3.376,34,12,15,48
良,80,30,109,3.156,65,8,28,17
良,76,25,101,2.86,25,30,22,26
良,71,50,91,2.958,13,65,31,11
轻度污染,109,66,167,3.231,35,11,10,27
良,74,23,98,3.015,37,20,22,30
良,71,22,92,2.923,41,15,25,27
良,66,19,82,2.345,37,47,34,10
良,79,32,107,4.044,54,7,18,20
良,68,26,86,2.975,37,34,13,36
轻度污染,123,26,196,2.827,16,37,35,10
轻度污染,148,31,246,2.489,29,32,43,24
中度污染,172,130,238,2.459,83,7,24,25
轻度污染,142,108,231,3.561,30,30,22,53
良,85,39,120,2.28,27,29,18,20
轻度污染,126,91,201,3.197,65,9,10,52
轻度污染,140,107,157,3.607,35,7,9,13
轻度污染,103,77,142,2.223,60,12,9,47
轻度污染,144,110,161,3.295,35,10,9,16
轻度污染,120,62,189,3.668,64,7,24,51
轻度污染,127,96,170,2.638,88,7,18,32
轻度污染,124,94,165,1.758,72,7,12,18
轻度污染,124,94,179,3.43,72,9,16,35
轻度污染,103,31,155,2.706,33,26,26,18
轻度污染,118,26,185,2.929,21,35,35,14
轻度污染,124,94,168,3.234,57,8,8,23
轻度污染,122,92,125,3.183,25,29,22,32
轻度污染,112,57,173,3.223,32,49,28,30
轻度污染,113,63,175,4.064,38,7,7,25
轻度污染,118,28,186,3.007,34,25,33,17
轻度污染,112,84,146,1.839,63,7,8,15
轻度污染,102,32,153,2.742,32,21,21,29
良,76,26,101,3.063,79,7,23,15
轻度污染,128,97,198,3.023,33,13,15,12
良,75,27,100,2.967,75,7,12,33
良,94,70,135,3.559,62,7,7,24
良,83,61,90,3.228,36,13,21,19
良,84,62,90,3.22,41,19,15,24
良,85,57,120,3.667,64,7,8,21
良,78,39,106,3.044,43,26,27,17
良,83,43,116,3.791,49,8,7,17
良,79,53,108,2.953,45,24,12,25
良,97,69,143,3.323,42,9,8,22
良,88,57,126,4.291,79,7,12,28
良,85,63,93,1.356,51,29,16,21
良,89,66,108,3.087,46,23,22,17
良,76,49,102,2.932,46,13,9,42
良,79,58,95,3.0,30,35,17,12
良,72,37,94,3.939,59,7,18,18
良,84,31,117,2.861,56,14,39,15
轻度污染,102,76,118,3.009,32,18,28,15
良,61,32,72,3.043,32,47,54,10
良,73,39,96,3.312,44,7,9,26
良,73,45,96,3.843,62,16,12,38
良,75,26,99,2.531,23,33,24,21
良,69,18,88,2.438,19,50,44,8
良,84,62,106,2.885,20,30,29,21
良,76,32,101,3.482,49,8,11,15
良,88,65,106,2.857,18,31,32,24
良,96,52,141,2.838,43,13,26,10
良,74,27,97,2.831,33,26,27,21
良,87,64,104,2.939,22,28,32,21
良,68,36,86,3.133,37,8,7,18
良,71,43,91,2.557,44,53,42,18
良,66,32,81,3.419,71,10,23,26
良,80,53,110,4.604,61,14,9,26
良,60,18,69,2.962,66,9,40,17
良,60,21,70,2.651,47,34,46,12
良,64,41,77,2.692,15,43,29,21
良,58,26,66,3.972,40,10,8,14
良,71,29,92,2.54,31,28,29,16
良,62,20,74,2.54,18,52,23,16
良,64,32,78,3.385,49,28,16,26
良,61,33,71,2.585,15,42,20,14
良,71,48,92,3.316,39,8,22,18
良,62,29,74,2.811,70,17,24,24
良,66,24,81,3.035,30,21,31,36
良,53,20,56,3.398,56,9,27,19
良,54,20,57,3.17,54,16,34,33
良,68,41,85,2.652,17,29,20,10
良,58,17,66,2.147,94,15,42,16
良,57,27,64,2.427,21,53,29,11
良,68,39,85,2.802,23,25,17,9
良,60,29,69,0.772,19,64,36,12
良,56,23,61,3.564,38,7,12,9
良,52,18,53,2.712,30,33,34,15
良,54,25,57,1.325,58,35,55,13
良,53,20,56,2.662,22,53,41,16
良,60,19,69,2.542,21,54,35,11
良,57,16,63,2.616,46,30,42,15
良,80,21,110,2.617,32,34,39,15
良,52,19,53,2.93,41,7,8,7
良,58,17,65,2.044,37,51,39,15
良,51,18,52,2.484,16,43,28,10
良,56,26,61,0.817,25,61,49,11
良,69,19,88,2.356,24,34,37,16
良,68,18,86,2.482,22,41,38,12
轻度污染,143,109,225,3.448,58,7,7,37
轻度污染,150,115,171,3.395,31,8,9,16
轻度污染,127,69,204,3.676,59,8,7,45
良,97,72,128,1.528,47,11,8,28
轻度污染,120,67,189,3.881,60,8,7,27
轻度污染,115,84,180,3.377,62,7,7,37
良,92,38,134,2.971,69,7,7,26
轻度污染,125,71,199,3.803,58,7,7,35
轻度污染,103,77,134,1.274,59,7,7,14
轻度污染,104,70,158,3.794,55,8,7,44
良,99,74,126,3.286,35,8,17,14
良,94,68,137,3.496,48,10,8,19
良,84,58,118,3.306,50,7,8,16
良,69,27,87,3.806,49,7,29,21
良,73,46,95,2.569,35,41,18,24
良,74,21,97,2.622,51,27,46,12
良,98,63,146,2.663,39,12,21,9
良,60,33,70,2.887,16,62,45,7
良,72,52,92,2.789,17,35,28,20
良,57,23,63,4.085,43,7,19,15
良,62,29,73,2.923,48,33,21,25
良,51,18,51,3.219,41,8,7,7
良,82,53,114,2.642,34,12,17,6
良,65,38,80,2.713,32,17,22,15
良,66,20,82,2.375,20,33,35,20
良,97,67,144,5.189,48,7,7,33
良,100,75,130,1.643,49,7,7,18
优,44,29,44,0.674,58,78,144,4
优,47,28,44,0.614,34,149,153,3
优,50,28,42,0.482,18,158,130,4
良,60,36,48,0.552,21,168,97,4
良,60,43,58,0.61,24,139,60,4
良,56,39,62,0.783,45,72,36,4
良,67,48,69,0.979,67,33,31,4
良,64,46,72,1.117,52,15,28,4
良,67,48,78,0.83,39,30,30,2
良,83,61,89,0.769,35,50,31,2
良,100,75,117,1.006,60,18,32,2
轻度污染,110,83,119,0.991,74,19,39,2
良,89,66,122,1.031,76,33,41,2
良,83,59,116,1.014,90,37,35,3
良,83,60,116,0.986,78,45,33,3
良,95,71,120,0.981,76,32,28,4
轻度污染,102,76,124,1.081,83,27,30,5
良,97,72,114,0.983,83,25,36,7
轻度污染,102,76,111,0.885,63,23,50,6
良,92,68,97,0.638,39,35,64,6
良,92,68,94,0.503,27,52,75,5
良,90,67,89,0.46,23,72,77,4
良,82,60,80,0.446,25,81,79,3
良,75,55,74,0.49,35,85,78,3
良,79,58,83,0.573,51,65,77,2
良,84,62,88,0.507,44,80,77,2
良,88,65,97,0.518,43,82,71,2
良,72,52,83,0.5,41,79,66,3
良,67,43,84,0.523,34,72,65,2
良,64,37,78,0.609,64,57,73,1
良,67,37,83,0.459,46,55,83,2
良,72,41,93,0.4,24,69,85,2
良,60,25,69,0.284,11,98,84,2
良,67,33,84,0.313,13,101,70,3
良,64,24,77,0.226,17,76,69,4
良,66,23,82,0.212,19,84,78,6
轻度污染,112,61,173,1.186,154,79,94,12
轻度污染,108,60,166,0.987,125,100,81,16
良,94,58,137,0.634,75,115,61,21
良,93,54,135,0.69,96,83,41,20
良,91,53,131,1.05,132,37,39,20
良,70,32,89,0.647,90,35,46,21
良,78,43,105,0.652,88,16,52,28
良,58,23,66,0.327,38,61,54,8
良,59,23,68,0.346,44,67,53,10
良,63,24,76,0.374,60,52,65,12
良,65,25,80,0.405,65,47,83,9
良,63,26,75,0.556,123,37,106,9
良,59,20,67,0.214,37,104,120,10
良,60,21,69,0.171,24,125,110,12
良,60,21,70,0.194,20,132,88,13
良,63,24,75,0.243,22,121,59,17
良,71,30,91,0.335,54,44,20,26
良,71,30,91,0.335,54,44,20,26
良,67,26,83,0.711,72,16,18,8
良,68,30,86,0.565,76,14,19,9
良,67,26,83,0.68,79,12,22,8
良,68,26,86,0.351,62,28,34,11
良,79,29,107,0.495,75,22,50,10
良,83,35,116,0.808,106,16,71,8
良,75,27,99,0.493,77,53,83,8
良,73,28,96,0.346,62,86,81,8
良,70,25,90,0.248,37,101,64,9
良,74,28,97,0.35,43,86,44,14
良,79,30,108,0.374,52,63,30,16
良,85,32,120,0.539,72,29,27,21
良,85,30,120,0.458,73,21,31,14
良,77,23,103,0.401,65,30,36,9
良,68,20,85,0.353,64,35,47,7
良,65,23,79,0.343,64,43,64,8
良,71,27,91,0.515,94,30,80,6
良,70,26,90,0.629,87,52,97,8
良,68,21,86,0.155,28,105,102,4
良,70,21,89,0.103,17,107,90,4
良,75,24,100,0.129,17,105,72,7
良,87,31,123,0.177,20,96,52,9
良,95,36,140,0.252,31,70,36,16
良,99,36,147,0.391,44,41,26,18
良,100,36,149,0.458,58,20,27,20
轻度污染,106,40,161,0.319,53,26,32,20
轻度污染,109,41,168,0.336,64,24,40,17
轻度污染,114,42,178,0.366,66,31,54,18
良,100,32,149,0.422,63,48,66,5
轻度污染,102,73,153,0.399,79,48,78,5
良,97,64,144,0.223,36,78,86,5
轻度污染,116,79,182,0.212,27,84,79,4
轻度污染,122,83,194,0.251,20,88,74,3
轻度污染,116,50,182,0.408,21,90,63,7
良,99,45,148,0.462,27,81,60,11
良,87,45,124,0.58,48,48,61,15
良,97,56,143,0.533,33,54,68,14
良,83,44,115,0.515,20,66,62,7
良,92,55,133,0.772,30,63,58,7
良,90,45,130,0.891,17,82,66,6
_,_,_,_,_,_,_,_,3
良,58,23,65,0.425,63,43,106,4
良,56,23,61,0.226,23,88,122,5
良,59,27,67,0.214,21,125,114,8
良,60,28,69,0.17,15,137,90,11
良,72,38,94,0.482,44,131,58,10
良,76,43,102,0.814,85,76,42,8
良,70,40,89,0.634,72,48,36,7
良,77,43,103,0.925,76,16,36,5
良,64,32,77,0.553,44,41,39,6
良,66,31,81,0.418,41,47,46,7
良,68,33,86,0.464,55,46,66,7
良,73,30,95,0.584,90,34,94,7
良,66,26,82,0.665,108,50,121,6
良,59,23,68,0.213,30,121,128,10
良,63,25,76,0.171,20,130,72,10
良,63,25,76,0.171,20,130,72,13
良,64,26,78,0.167,20,112,59,15
良,70,31,90,0.328,39,70,43,15
良,68,29,85,0.342,50,45,35,22
良,70,30,90,0.363,51,31,34,17
良,72,32,94,0.346,47,32,42,11
良,71,35,92,0.291,48,39,54,6
良,75,37,99,0.648,78,28,74,6
良,67,31,84,0.626,70,58,94,6
良,65,26,79,0.577,77,76,107,8
良,61,23,71,0.29,39,113,104,9
良,61,25,72,0.289,39,115,86,11
良,59,24,67,0.37,38,122,62,21
良,97,47,143,2.84,42,8,9,24
轻度污染,124,62,197,4.599,61,9,38,26
轻度污染,112,53,173,4.693,76,9,64,26
轻度污染,105,57,160,3.691,99,10,85,24
良,78,37,106,1.98,45,99,92,30
良,77,39,104,2.08,34,95,53,34
良,79,41,107,2.316,39,67,34,29
良,75,36,100,1.851,37,42,26,27
良,74,34,98,2.187,33,31,24,21
良,64,21,77,2.086,36,15,22,19
良,61,20,72,1.842,32,24,22,19
良,63,21,75,1.879,27,34,22,20
良,71,25,91,1.939,35,26,34,22
良,80,36,109,2.226,51,11,50,24
良,71,24,91,2.007,41,43,74,21
良,68,22,85,1.62,20,72,76,20
良,67,21,84,1.639,11,81,68,20
良,66,21,82,1.602,8,83,54,21
良,67,23,83,1.626,8,73,41,24
良,69,26,87,1.694,13,48,36,26
良,58,22,65,1.904,18,28,36,23
良,51,16,51,1.574,17,27,38,20
优,50,16,50,1.609,12,41,38,20
良,51,19,51,1.61,11,47,36,19
良,55,17,59,1.674,14,41,40,18
良,55,16,59,1.897,30,29,46,18
良,56,15,62,1.862,31,33,56,18
良,58,15,66,1.695,15,57,60,19
良,63,17,75,1.657,14,60,57,21
良,65,19,79,1.618,10,70,52,25
良,89,28,128,1.688,13,67,45,21
良,85,54,119,2.22,21,49,45,20
良,83,52,116,2.162,19,43,43,19
良,86,53,121,2.006,17,40,36,20
良,64,28,77,1.855,28,42,35,22
良,75,36,100,2.231,51,17,41,22
良,77,36,103,2.252,56,11,51,21
良,77,33,103,2.191,53,27,77,20
良,72,29,93,2.021,40,56,96,20
良,68,26,85,1.826,22,92,102,22
良,70,30,89,1.586,15,114,82,22
良,70,30,89,1.586,15,114,82,23
良,73,33,95,1.523,15,94,72,27
良,73,33,95,1.084,12,77,62,25
良,80,39,110,1.721,26,48,48,19
_,_,_,_,_,_,_,_,19
_,_,_,_,_,_,_,_,20
_,_,_,_,_,_,_,_,20
_,_,_,_,_,_,_,_,20
_,_,_,_,_,_,_,_,20
_,_,_,_,_,_,_,_,19
良,63,24,76,1.648,23,90,91,27
良,66,27,81,1.722,23,109,79,27
良,66,29,81,1.817,22,94,61,27
良,64,27,77,1.824,22,53,41,27
良,64,27,77,1.824,22,53,41,27
良,57,22,63,1.648,19,46,37,27
良,59,23,68,1.596,19,28,37,31
良,75,32,100,1.807,29,46,54,27
良,75,32,100,1.807,29,46,54,24
良,75,32,100,1.807,29,46,54,27
良,75,32,100,1.807,29,46,54,24
良,75,32,100,1.807,29,46,54,23
良,75,32,100,1.807,29,46,54,25
轻度污染,103,57,156,2.423,27,51,47,24
轻度污染,132,85,214,2.314,18,69,34,25
轻度污染,119,65,187,2.225,31,33,15,27
轻度污染,122,61,194,2.259,37,25,11,25
良,89,35,128,2.185,39,10,8,21
良,89,35,128,2.101,41,7,8,21
良,91,36,131,1.894,44,7,14,23
良,81,33,111,1.819,43,12,22,24
良,81,32,112,2.209,53,7,38,26
良,75,28,99,1.973,42,23,60,27
良,73,29,96,2.022,50,32,74,24
良,72,26,93,1.69,30,68,81,20
良,58,25,66,1.63,19,96,75,21
良,59,27,68,1.777,24,89,59,24
良,59,26,68,1.723,24,70,42,34
良,61,26,72,1.556,17,53,24,26
良,63,26,76,1.723,26,41,23,22
良,69,31,88,1.82,39,18,28,28
良,69,29,87,1.756,50,11,37,29
良,63,29,76,1.686,35,26,54,24
良,63,26,75,1.563,26,47,71,21
良,80,40,109,1.785,30,49,84,21
良,84,47,117,2.414,53,67,95,22
良,80,43,109,1.985,34,101,91,22
良,61,27,71,1.794,27,64,28,22
良,61,28,72,1.968,33,36,22,22
良,57,25,64,1.882,29,21,20,23
良,56,22,61,1.906,31,9,18,26
良,54,21,57,1.485,23,24,18,26
良,53,21,56,1.093,17,33,19,25
良,60,25,69,1.752,38,10,27,28
良,70,26,90,2.293,45,7,40,25
良,55,20,59,2.131,48,16,52,20
优,49,15,49,1.548,21,54,56,21
优,49,16,49,1.46,14,64,56,21
良,51,16,51,1.43,13,57,51,21
良,52,17,54,0.933,15,51,40,20
良,56,18,61,0.605,17,51,24,20
良,75,35,99,0.748,27,14,16,22
良,75,39,100,1.601,36,10,19,22
良,60,23,70,1.594,23,22,31,25
良,76,34,102,1.926,37,14,44,24
良,75,30,99,2.462,58,11,64,22
良,68,25,86,1.677,31,56,77,20
良,62,21,73,1.516,20,74,76,18
良,63,26,75,1.578,19,90,57,19
良,64,27,77,1.68,21,82,48,19
良,64,27,77,1.675,17,65,30,19
良,67,30,83,1.89,22,38,16,19
良,64,29,77,1.717,17,21,11,18
良,77,34,104,1.892,18,9,10,18
良,56,22,62,1.86,22,7,10,18
良,54,20,58,1.77,23,8,11,18
良,56,22,61,1.518,21,16,17,18
良,61,24,72,1.88,27,8,23,19
良,59,22,67,1.949,33,8,32,20
良,55,19,60,1.527,19,33,39,20
良,66,19,82,1.486,18,37,38,22
良,62,21,73,1.363,12,43,38,24
良,65,22,80,1.413,13,40,38,37
良,68,22,86,1.333,16,33,40,23
良,75,24,100,1.37,15,37,44,21
良,75,23,99,1.269,8,43,46,23
良,93,31,135,1.25,7,42,47,25
轻度污染,109,38,167,1.229,7,49,57,27
轻度污染,143,55,235,1.264,8,48,70,25
中度污染,154,61,257,1.39,14,41,86,21
轻度污染,113,69,175,2.166,29,80,101,21
轻度污染,101,58,152,2.133,27,96,101,22
良,87,47,123,1.748,16,114,88,22
良,86,45,122,1.754,15,111,76,24
良,97,48,143,1.901,19,90,68,21
良,90,47,129,2.021,32,57,68,24
良,76,36,102,1.548,20,65,73,26
良,76,35,102,1.52,13,72,70,27
良,76,34,102,1.414,7,81,58,29
良,78,36,106,1.407,11,74,51,34
良,81,37,111,1.532,20,60,56,37
轻度污染,121,73,192,2.779,82,18,72,29
良,86,45,122,2.217,59,38,92,24
良,75,35,100,1.756,27,88,95,23
良,84,39,117,1.731,14,112,82,21
良,93,45,136,1.79,14,112,62,21
轻度污染,106,54,162,2.04,30,77,41,23
轻度污染,104,51,157,2.158,38,44,28,24
轻度污染,103,50,156,1.868,27,37,20,19
轻度污染,102,49,154,1.71,27,28,14,17
良,86,37,122,1.631,43,12,12,20
良,75,32,100,1.552,44,16,12,22
良,71,26,92,1.773,52,13,34,26
良,75,28,99,1.779,49,21,66,24
良,87,39,124,2.912,79,8,92,19
良,78,36,106,2.726,63,8,70,17
良,60,22,70,1.409,27,64,82,20
良,69,23,87,1.359,15,95,71,17
良,68,26,85,1.438,14,94,50,17
良,75,29,99,1.493,18,72,29,20
良,82,33,114,1.751,31,42,20,20
良,81,33,112,2.073,36,12,20,21
良,73,25,96,1.761,31,8,26,22
良,76,26,102,1.481,29,23,35,24
良,79,25,107,1.392,23,33,36,29
良,77,20,104,1.318,21,39,44,31
良,85,22,119,1.448,30,39,61,23
良,99,23,148,1.706,39,32,74,22
良,93,21,136,1.518,28,46,85,21
良,65,33,80,1.54,24,105,82,22
良,68,33,85,1.527,22,97,59,28
良,71,34,92,1.526,20,72,28,24
良,78,37,105,1.542,23,60,20,24
良,89,40,128,1.769,39,22,11,22
良,87,37,123,1.901,42,7,10,21
良,76,33,101,1.897,46,7,11,30
良,62,25,73,1.48,54,8,24,33
良,64,26,77,1.546,45,19,42,42
良,93,49,136,2.708,76,7,59,36
良,75,34,99,1.839,47,51,80,31
良,76,37,101,1.681,31,84,84,27
良,56,18,62,1.208,9,82,71,26
良,75,32,99,1.421,17,93,43,25
良,85,40,119,1.58,22,85,32,26
良,100,46,149,1.858,39,44,15,25
良,98,42,146,1.972,44,15,8,25
良,93,38,136,1.928,49,8,7,24
良,93,38,136,2.46,56,7,8,25
良,74,30,98,1.972,61,7,21,31
良,88,37,125,2.06,74,7,41,30
良,72,29,94,3.02,81,7,64,34
良,64,26,77,1.847,58,42,82,27
良,68,30,86,1.556,34,86,84,25
良,67,35,84,1.462,25,99,71,24
良,61,28,72,1.497,21,91,50,25
良,67,30,83,1.669,24,73,31,26
良,64,27,78,1.658,25,43,16,27
良,69,28,87,1.804,33,18,9,23
良,75,30,99,2.023,37,8,7,23
良,73,31,96,2.221,44,7,7,29
良,85,48,120,2.085,45,7,10,29
良,89,40,127,3.232,59,7,35,30
良,79,32,107,3.384,63,7,45,29
良,67,27,84,3.461,79,7,63,22
良,54,19,57,1.54,32,63,76,24
良,54,23,58,1.445,22,83,66,27
良,59,30,67,1.56,22,83,54,25
良,57,29,63,1.541,19,70,44,24
轻度污染,109,82,99,1.936,32,41,29,26
轻度污染,115,87,107,2.273,37,20,11,27
_,_,_,_,_,_,_,_,33
_,_,_,_,_,_,_,_,32
轻度污染,101,51,152,2.959,40,7,8,26
良,97,45,144,3.286,48,7,16,21
良,87,38,124,2.875,60,7,29,21
良,71,28,91,2.303,67,8,40,21
良,63,22,76,1.521,46,33,48,21
良,61,24,72,1.209,24,61,41,21
良,76,41,101,1.501,47,53,29,23
良,70,34,90,1.908,49,36,18,18
良,68,34,85,1.837,39,30,15,18
良,58,24,66,1.941,34,20,9,22
良,56,23,61,1.89,38,7,9,24
良,54,20,57,1.584,40,7,10,24
良,54,21,57,1.529,42,8,12,21
良,53,21,55,1.574,44,12,24,20
良,54,17,57,1.558,46,13,38,19
良,52,18,54,3.012,58,7,53,19
优,28,11,28,1.041,15,65,67,20
优,28,11,28,1.034,15,65,65,20
优,25,9,25,0.974,8,74,57,22
优,22,9,22,1.019,7,68,50,24
优,21,9,21,1.088,11,57,45,25
优,22,8,22,1.256,26,34,46,27
优,23,9,23,1.049,12,45,49,27
优,28,11,28,0.969,8,45,50,26
优,30,10,30,0.963,6,53,53,23
优,34,13,34,1.02,7,52,56,19
优,38,14,38,1.138,14,49,61,19
良,52,22,54,1.31,19,54,63,20
良,59,29,68,1.434,23,64,57,20
良,67,39,83,1.525,22,69,46,22
良,63,32,75,1.409,22,56,25,22
良,68,36,85,1.678,36,39,20,22
良,71,44,91,2.288,48,24,15,23
良,56,32,62,2.119,31,13,15,24
优,44,21,44,1.663,24,12,15,21
优,40,18,40,1.705,26,14,17,22
优,42,20,42,1.295,19,23,19,25
优,48,20,48,1.647,35,10,27,25
优,46,17,46,1.184,26,27,37,25
优,45,16,45,1.533,46,15,45,25
优,33,11,33,1.093,17,49,51,25
优,33,9,33,1.034,11,55,47,25
优,39,11,39,1.165,11,53,37,25
优,49,10,49,1.319,22,29,32,24
优,46,8,46,0.757,25,26,33,26
良,83,27,116,1.496,34,19,31,27
良,83,27,116,1.496,34,19,31,29
良,83,27,116,1.496,34,19,31,39
良,83,27,116,1.496,34,19,31,44
良,83,27,116,1.496,34,19,31,36
良,83,27,116,1.496,34,19,31,30
良,83,27,116,1.496,34,19,31,33
良,86,26,121,1.234,22,32,29,35
良,94,29,138,1.174,17,38,22,34
良,97,32,144,1.346,19,34,14,36
轻度污染,131,50,211,1.703,26,19,9,38
中度污染,175,69,300,2.05,37,7,7,24
中度污染,186,71,322,2.197,43,7,7,24
严重污染,317,102,433,2.856,50,7,7,24
轻度污染,140,53,230,2.091,46,7,7,24
中度污染,173,70,295,2.06,54,7,11,25
中度污染,183,71,315,2.214,58,7,15,26
中度污染,167,60,284,2.018,65,7,19,24
轻度污染,149,48,247,1.672,53,25,23,20
中度污染,153,47,256,1.768,57,19,22,19
良,58,35,66,2.161,32,20,13,18
良,57,34,64,2.42,48,7,17,18
良,56,35,62,2.542,50,8,26,20
良,54,32,58,2.306,48,13,34,20
良,53,29,55,2.179,37,28,36,20
优,49,24,49,1.955,26,40,39,20
优,48,21,48,1.829,23,42,39,20
优,49,23,49,2.243,38,25,41,19
优,45,19,45,1.817,23,41,44,20
优,43,16,43,1.752,21,44,36,23
优,48,17,48,1.64,10,53,27,26
良,56,20,61,1.608,12,54,18,21
良,58,27,66,2.505,45,7,17,21
良,57,31,63,2.495,52,7,30,18
良,56,24,61,2.153,53,15,44,19
良,55,21,59,2.012,44,28,53,20
良,51,17,51,1.747,19,57,56,20
良,52,20,54,1.729,13,66,49,21
良,51,20,52,1.751,13,56,39,20
优,44,17,44,1.724,11,51,32,21
优,40,17,40,1.849,16,36,28,21
优,38,17,38,1.812,19,25,26,22
优,41,18,41,1.759,14,25,23,20
优,38,19,38,1.806,10,26,24,19
优,36,19,36,2.093,17,27,22,19
优,41,24,41,2.576,31,13,19,20
优,49,28,49,2.601,32,33,20,21
良,57,38,63,2.632,35,27,18,22
良,75,55,91,2.909,47,12,19,23
良,84,62,96,2.663,41,15,20,25
良,92,68,109,2.468,31,25,19,26
良,93,69,113,2.45,30,25,21,27
良,85,63,105,2.411,33,18,19,28
良,66,44,81,2.585,37,9,19,36
良,58,32,66,2.371,17,29,21,44
良,63,37,76,2.591,20,23,17,41
良,78,55,106,2.588,24,14,15,29
良,66,46,81,2.59,25,17,14,23
良,70,46,90,2.722,25,18,13,24
良,83,61,116,3.139,33,10,14,21
轻度污染,103,72,156,3.305,38,11,20,21
轻度污染,111,77,172,3.128,34,12,20,21
轻度污染,140,92,230,2.975,32,20,19,21
轻度污染,133,89,216,3.322,33,34,16,21
轻度污染,130,79,209,3.05,31,20,15,21
轻度污染,127,70,203,2.781,31,9,19,22
轻度污染,122,67,194,2.603,33,8,25,21
轻度污染,118,62,185,2.311,22,21,29,20
轻度污染,114,56,178,2.235,19,32,28,19
轻度污染,103,51,155,2.165,22,33,28,18
良,90,41,129,2.146,29,34,31,18
良,92,43,133,2.391,47,19,35,18
良,97,51,143,2.493,51,28,38,18
良,98,42,146,2.386,44,45,36,19
良,67,29,84,2.254,26,45,27,18
良,55,23,60,2.183,19,34,20,19
优,49,19,49,2.164,19,25,17,20
良,55,29,60,2.338,26,13,17,22
良,55,28,59,2.212,25,12,20,23
优,50,22,50,2.015,19,21,22,24
优,42,16,42,2.06,22,22,23,26
优,41,15,41,1.975,24,21,24,28
优,42,14,42,2.045,29,21,25,31
优,44,15,44,2.092,26,27,26,31
优,46,15,46,2.09,26,27,26,33
良,53,17,55,2.038,22,30,26,32
优,49,16,49,2.18,31,31,24,32
良,54,17,58,2.382,34,25,22,32
良,67,18,83,2.248,28,26,18,32
良,78,23,105,2.188,21,24,14,36
良,84,30,117,2.367,22,14,11,36
良,74,34,97,2.571,25,9,12,33
良,83,54,115,2.108,27,13,12,29
良,92,63,134,2.233,42,8,19,27
良,82,60,112,2.236,41,13,30,26
良,100,75,146,2.822,59,10,39,27
良,77,47,103,2.099,31,35,41,30
良,87,47,124,1.971,19,53,33,32
良,95,48,139,1.993,16,53,22,31
轻度污染,126,76,201,2.828,51,24,12,30
轻度污染,137,91,224,3.075,54,12,8,31
轻度污染,135,91,219,3.018,53,9,7,31
中度污染,162,117,273,3.589,63,7,7,34
轻度污染,149,105,248,3.354,60,7,8,32
轻度污染,143,108,236,3.856,66,7,11,30
轻度污染,139,106,220,4.052,77,7,26,27
轻度污染,130,96,209,3.575,95,9,44,24
轻度污染,112,84,171,2.947,90,21,59,23
良,79,54,108,2.269,51,57,68,27
良,79,54,108,1.985,30,77,59,33
良,84,58,117,1.954,22,77,44,36
良,92,60,134,2.183,33,59,33,40
良,88,55,125,2.208,38,34,26,37
良,84,48,117,2.139,36,23,29,37
良,83,44,116,1.916,39,24,39,39
良,80,44,110,1.804,33,28,42,30
良,71,35,92,1.799,28,39,40,28
良,79,33,107,1.603,21,55,54,29
轻度污染,127,89,204,3.868,102,16,60,28
良,99,52,148,2.195,52,60,67,26
轻度污染,126,70,202,2.246,31,84,44,25
轻度污染,128,68,206,2.136,34,73,35,28
轻度污染,138,69,225,2.062,38,57,19,27
轻度污染,143,71,236,2.58,63,22,10,26
轻度污染,134,77,217,3.04,54,9,7,27
轻度污染,135,75,219,2.904,53,7,7,31
轻度污染,132,76,214,2.587,53,7,7,30
轻度污染,140,80,229,3.238,62,7,8,25
轻度污染,109,56,167,4.169,68,7,16,22
良,96,43,142,2.679,80,7,30,23
良,89,35,127,2.879,83,7,43,22
良,74,32,97,1.89,58,32,52,22
良,64,30,78,1.761,32,61,46,25
良,71,40,91,1.93,44,60,33,28
良,71,46,92,2.621,56,52,20,27
良,61,38,72,2.635,49,23,13,26
良,60,35,69,2.8,40,11,10,28
良,59,32,67,2.33,39,7,10,26
良,60,33,70,1.987,27,16,9,24
良,64,34,77,2.533,33,8,9,22
良,67,39,84,2.399,38,7,16,23
良,68,40,85,2.484,48,9,23,24
良,66,40,82,2.286,49,13,29,29
良,74,51,97,1.916,33,34,30,27
良,78,57,99,2.035,35,32,27,26
良,79,58,100,1.949,29,36,26,23
良,67,48,84,2.192,35,23,24,23
良,68,47,86,2.055,34,19,24,25
良,71,47,91,1.81,19,29,21,22
良,74,51,97,1.724,18,29,15,22
良,83,61,110,1.773,25,21,11,22
良,88,65,115,1.989,38,9,10,23
良,80,59,100,2.194,45,7,12,22
良,77,56,84,2.175,50,8,17,22
良,70,51,72,2.391,59,7,19,21
良,59,42,59,2.079,48,16,19,20
良,57,40,55,1.862,30,29,17,19
良,62,44,56,1.915,33,16,18,20
良,55,39,52,1.84,33,15,24,21
良,66,36,81,1.755,36,13,30,21
良,60,29,69,1.593,24,25,33,22
良,55,25,60,1.48,15,37,30,22
良,53,23,55,1.49,16,41,25,22
良,68,38,85,1.614,27,29,18,22
良,61,28,72,1.691,42,17,16,22
良,64,28,77,1.761,43,16,18,24
良,62,25,73,1.452,46,14,18,25
良,73,35,95,2.0,41,14,18,26
良,77,40,104,1.641,30,28,16,26
良,96,62,141,1.901,38,19,10,26
良,99,72,148,2.211,37,12,8,25
轻度污染,106,74,162,2.383,38,7,6,26
轻度污染,103,68,155,2.192,37,6,6,31
轻度污染,103,68,155,2.019,39,7,7,31
轻度污染,107,70,163,2.327,46,6,7,33
轻度污染,113,74,176,2.452,43,6,8,40
轻度污染,120,73,189,2.618,55,7,10,33
轻度污染,124,74,197,2.194,49,9,10,29
轻度污染,126,73,201,2.352,52,10,12,26
轻度污染,133,76,215,2.203,48,10,11,23
轻度污染,126,70,202,2.235,52,10,11,22
轻度污染,117,60,183,2.182,44,17,11,23
轻度污染,117,60,183,2.694,42,10,12,23
轻度污染,111,55,171,2.41,39,9,12,22
轻度污染,109,54,167,2.067,38,12,12,23
良,97,48,143,1.932,34,13,13,21
良,91,47,131,1.942,34,13,14,21
良,87,48,124,1.961,41,9,20,21
良,83,48,115,1.994,51,13,28,22
良,66,38,81,1.786,58,15,33,21
良,61,34,71,1.49,40,34,38,22
良,54,25,57,1.337,29,49,38,23
良,53,24,55,1.209,36,40,36,26
良,52,21,54,1.409,30,39,36,36
良,53,19,55,1.335,33,36,38,39
良,53,18,56,1.429,35,32,42,39
良,58,21,65,0.894,17,41,45,36
良,63,25,76,1.19,14,43,46,36
良,62,22,74,1.134,12,51,45,29
良,68,25,86,1.241,20,44,38,27
良,74,27,97,1.304,22,47,34,24
轻度污染,102,46,154,1.611,36,38,32,26
轻度污染,126,62,202,1.926,70,20,30,28
轻度污染,119,60,188,1.881,72,23,31,31
轻度污染,106,53,161,1.632,57,43,25,28
轻度污染,120,64,190,2.139,61,33,17,25
轻度污染,110,58,170,1.751,44,26,12,27
轻度污染,124,70,198,2.437,52,12,8,34
轻度污染,120,66,190,2.533,53,7,8,32
轻度污染,110,58,170,2.567,54,7,10,34
轻度污染,111,57,171,2.293,64,7,15,28
轻度污染,109,56,167,2.155,74,7,26,21
轻度污染,102,50,153,1.721,68,21,38,22
良,92,43,133,1.764,83,18,48,21
良,78,31,106,1.375,48,45,49,24
良,80,36,109,1.271,33,59,44,25
良,84,43,118,1.392,35,59,31,27
良,81,40,112,2.092,71,36,19,25
良,80,42,110,2.033,52,31,14,24
良,69,29,87,3.059,60,11,11,27
良,60,23,69,1.995,53,7,12,29
良,61,24,71,1.883,56,8,14,27
良,61,24,71,1.512,49,15,14,24
良,64,27,78,1.504,51,15,24,23
良,76,36,101,1.684,59,16,36,22
良,69,28,88,2.028,80,9,48,22
良,62,21,73,1.465,49,42,56,23
良,58,17,65,1.141,18,65,49,22
优,44,24,44,1.151,17,62,38,23
优,50,28,50,1.278,19,51,27,23
优,45,24,45,1.589,40,27,24,25
优,45,24,45,1.605,40,23,26,24
优,48,25,48,1.902,41,17,29,26
良,52,27,53,1.391,21,30,33,29
良,55,29,59,1.182,16,38,31,28
良,54,29,57,1.4,31,28,29,26
良,53,26,55,1.232,26,37,24,23
良,55,27,59,1.264,35,29,21,24
良,52,23,54,1.427,47,24,17,23
良,54,27,58,1.195,36,34,12,24
良,80,59,106,2.123,39,10,8,24
良,76,53,102,2.023,34,9,11,22
良,74,47,97,2.705,42,7,12,23
良,68,40,85,1.91,41,8,15,24
良,69,40,87,1.63,25,19,17,22
良,72,43,93,1.931,37,13,16,21
良,76,46,101,1.722,35,21,17,21
良,81,51,111,1.834,42,18,18,21
良,88,54,125,1.726,48,16,20,23
良,96,62,141,1.879,47,18,22,28
轻度污染,105,69,159,1.814,54,17,23,35
轻度污染,113,79,175,1.806,53,21,26,41
良,100,70,149,1.733,47,25,32,49
良,100,68,149,1.781,42,25,34,56
良,96,62,142,1.42,30,31,38,54
良,93,57,136,1.283,29,32,36,54
良,85,46,119,1.088,14,47,29,56
良,83,44,116,0.415,13,41,19,51
良,71,36,92,1.178,17,34,12,50
良,56,25,62,1.643,33,8,11,49
良,98,60,146,2.048,43,7,17,50
轻度污染,127,83,204,2.084,59,7,21,49
中度污染,165,113,279,1.885,66,15,22,46
中度污染,165,108,280,1.746,56,34,19,52
重度污染,268,162,397,2.456,127,26,13,49
重度污染,233,157,373,2.848,113,16,9,48
重度污染,228,156,369,2.519,94,9,8,59
重度污染,252,159,386,3.449,112,7,10,66
重度污染,240,156,378,2.552,113,7,11,59
重度污染,210,149,357,3.103,118,7,13,59
中度污染,198,148,339,2.129,103,14,19,51
中度污染,189,138,328,2.398,118,8,36,45
中度污染,176,114,301,2.652,133,9,58,47
中度污染,167,112,283,2.59,126,23,76,54
中度污染,172,118,293,1.898,73,77,79,55
严重污染,314,178,431,2.256,85,97,61,68
严重污染,383,195,486,2.395,88,97,39,80
严重污染,347,188,457,2.754,103,31,12,81
严重污染,330,182,444,3.176,98,17,9,82
重度污染,296,170,417,2.643,72,9,7,73
严重污染,347,177,457,2.472,75,7,7,81
重度污染,285,158,409,2.701,80,7,7,71
严重污染,314,166,431,2.776,93,7,8,73
严重污染,337,173,449,4.311,107,7,9,57
重度污染,272,158,400,3.654,106,7,12,45
重度污染,266,154,396,2.774,113,9,13,31
重度污染,239,143,377,2.499,120,10,15,33
重度污染,250,148,385,2.196,91,26,14,34
重度污染,229,142,370,2.425,101,10,11,37
重度污染,206,132,354,1.772,91,16,11,30
重度污染,212,131,358,2.734,93,11,11,28
中度污染,193,126,336,2.474,84,8,10,30
中度污染,160,103,270,1.874,87,7,11,43
轻度污染,146,90,242,1.34,70,16,10,73
轻度污染,122,62,193,1.456,81,9,10,70
轻度污染,112,54,174,1.425,87,7,22,69
轻度污染,132,69,214,1.148,93,7,36,63
轻度污染,106,46,162,1.933,97,11,50,56
良,86,31,121,0.848,46,48,60,53
良,80,26,109,0.57,19,65,53,51
良,85,30,120,0.589,15,66,41,73
轻度污染,113,54,175,0.834,22,63,33,63
中度污染,185,124,319,1.92,78,28,27,52
中度污染,182,123,314,2.108,72,21,24,56
中度污染,181,129,311,1.905,51,32,20,55
中度污染,189,142,316,1.642,38,38,14,65
轻度污染,148,106,245,1.575,93,9,14,57
轻度污染,149,109,247,2.639,108,7,30,43
轻度污染,133,92,215,2.468,117,7,48,43
轻度污染,114,75,177,1.95,128,16,63,39
轻度污染,112,73,174,1.186,58,72,65,41
轻度污染,113,76,176,1.126,51,75,49,38
轻度污染,119,86,188,0.963,45,75,32,39
轻度污染,128,94,205,1.101,56,50,16,34
轻度污染,120,83,190,2.304,77,13,8,35
轻度污染,134,102,208,2.352,67,8,7,33
轻度污染,123,93,188,2.102,68,7,7,43
轻度污染,122,92,186,1.187,69,7,7,54
轻度污染,133,101,204,2.788,79,7,7,23
轻度污染,120,91,182,3.232,89,7,18,23
轻度污染,113,85,168,2.809,102,7,32,23
良,95,67,139,2.623,110,7,46,23
良,80,53,110,1.191,73,40,56,23
良,79,53,108,0.692,34,64,48,23
良,94,69,138,0.839,39,64,33,23
轻度污染,122,92,183,1.092,43,52,19,16
轻度污染,140,107,196,1.462,66,18,10,13
良,84,49,118,2.461,83,7,40,18
良,84,49,118,2.461,83,7,40,25
良,84,49,118,2.461,83,7,40,29
良,84,49,118,2.461,83,7,40,44
良,84,49,118,2.461,83,7,40,25
良,84,49,118,2.461,83,7,40,36
良,84,49,118,2.461,83,7,40,32
良,76,40,101,1.411,52,38,46,22
良,72,36,93,1.121,28,54,40,27
良,81,46,112,1.275,28,50,29,32
良,90,54,129,1.173,28,40,19,28
良,94,58,138,1.284,35,25,13,29
轻度污染,104,67,157,1.939,40,10,13,35
轻度污染,102,65,154,1.788,42,7,16,38
良,99,61,148,1.375,40,12,20,36
良,97,58,144,1.276,32,21,22,35
轻度污染,103,61,156,1.314,33,22,21,37
轻度污染,102,57,153,1.343,40,21,21,32
良,99,52,147,1.441,44,20,22,34
良,100,50,150,1.556,50,17,22,29
良,93,45,136,1.36,42,22,23,23
良,92,44,134,1.319,34,27,20,27
良,89,43,128,1.38,33,23,17,26
良,92,51,133,1.436,33,19,16,17
良,99,61,148,1.486,39,13,16,41
轻度污染,118,81,186,1.518,38,16,20,41
良,96,56,142,1.261,36,17,25,34
良,100,57,149,1.283,38,20,29,33
良,83,39,116,1.307,42,24,32,29
良,75,30,99,1.088,30,34,37,16
良,72,26,93,1.051,36,33,38,17
良,71,24,91,0.979,39,30,37,19
良,64,19,77,0.855,22,45,35,12
良,78,36,106,1.168,26,40,25,15
良,98,61,146,1.398,30,31,17,13
良,63,25,75,0.912,27,31,12,11
良,86,57,122,1.645,51,8,8,9
良,83,55,116,1.703,61,8,8,87
良,67,39,84,1.466,58,9,8,37
良,63,35,76,1.78,65,7,8,30
良,59,31,68,1.578,72,8,18,53
良,58,30,66,1.344,70,12,32,46
良,56,27,62,1.84,87,8,51,46
良,84,21,117,2.471,31,37,40,31
轻度污染,130,31,209,2.298,21,42,34,32
轻度污染,140,27,230,2.514,12,47,34,40
良,81,43,111,2.682,56,7,7,43
良,74,37,98,2.8,57,7,7,44
良,74,37,98,2.741,59,7,8,43
轻度污染,101,65,151,2.9,66,8,14,11
轻度污染,119,83,187,2.989,74,8,23,20
轻度污染,102,62,153,2.904,84,7,30,12
良,73,35,96,1.999,52,29,33,18
良,72,35,94,2.213,38,41,29,26
良,78,41,106,2.34,36,39,20,47
良,72,46,93,1.944,38,29,16,19
良,73,53,95,3.19,53,13,14,17
良,56,31,62,2.732,52,9,14,15
优,47,22,47,2.312,40,23,14,18
良,53,26,55,2.389,53,12,13,23
良,55,27,60,2.279,51,15,13,24
良,57,29,64,2.779,62,7,20,29
良,57,28,64,2.524,63,14,31,29
良,57,28,63,2.568,67,12,40,26
良,51,21,52,2.132,43,34,47,49
优,49,19,49,1.979,21,51,44,47
良,51,19,52,1.968,17,52,36,40
良,54,22,57,2.034,17,47,27,25
良,60,30,69,2.197,30,30,20,27
良,55,25,60,2.153,35,23,15,26
良,60,33,69,2.267,40,17,12,26
良,70,49,90,2.342,46,12,9,32
良,89,66,115,2.646,60,10,8,27
良,89,66,116,3.323,74,7,13,26
良,94,70,125,3.432,82,7,21,14
良,78,57,102,3.2,92,8,30,18
良,72,51,94,2.543,74,23,34,20
良,68,47,86,2.377,63,35,31,32
良,70,50,90,2.386,44,47,23,26
良,84,62,104,2.674,49,30,14,29
良,93,69,116,2.887,45,17,10,23
轻度污染,108,81,137,3.264,46,9,8,23
良,72,52,94,3.318,51,7,8,25
良,65,43,80,2.344,49,10,8,72
良,85,63,115,3.205,50,7,8,40
良,77,56,103,2.941,60,7,11,33
良,74,54,96,3.139,69,8,19,25
良,62,38,74,2.694,80,8,27,26
良,59,33,67,2.496,75,13,34,29
良,57,33,63,2.135,38,41,30,39
良,55,31,59,2.14,34,42,25,28
良,60,41,69,2.303,36,40,17,25
轻度污染,120,91,135,3.238,55,18,10,29
轻度污染,133,101,157,3.825,51,8,10,33
轻度污染,120,91,137,3.577,46,8,11,41
轻度污染,119,90,137,3.794,58,8,10,41
轻度污染,107,80,119,3.653,53,11,11,28
良,76,_,101,3.658,60,11,17,33
良,86,_,122,4.357,63,7,27,42
轻度污染,144,110,150,4.134,75,7,35,36
轻度污染,117,88,122,3.307,52,33,38,36
轻度污染,140,107,137,3.395,46,47,31,42
中度污染,159,121,147,3.495,45,43,22,48
中度污染,172,130,164,3.695,46,32,16,53
重度污染,225,175,222,4.648,57,9,12,50
中度污染,185,139,195,3.851,45,11,11,48
中度污染,172,130,179,3.861,39,17,10,64
重度污染,244,194,242,4.349,49,9,7,41
重度污染,263,213,274,5.191,57,7,9,28
重度污染,258,208,276,5.608,58,7,10,28
重度污染,257,207,278,6.471,65,7,16,32
重度污染,244,194,254,5.203,79,8,21,_
重度污染,242,192,245,4.884,72,18,22,_
重度污染,251,201,260,4.467,67,29,20,60
重度污染,249,199,263,4.337,51,33,13,59
重度污染,288,238,362,6.71,87,10,9,44
轻度污染,144,110,199,4.493,40,13,8,58
轻度污染,127,96,196,4.466,37,7,7,83
轻度污染,147,112,225,4.698,37,7,7,57
中度污染,153,117,233,5.238,43,7,7,62
—,_,_,_,_,_,_,8,54
—,_,_,_,_,_,_,8,47
中度污染,160,122,242,4.899,60,7,11,49
中度污染,159,121,232,4.43,58,8,13,62
轻度污染,140,107,207,4.377,66,7,14,48
轻度污染,139,106,202,3.113,50,20,14,40
轻度污染,149,114,210,4.705,50,14,11,53
轻度污染,147,112,202,4.174,44,14,9,51
轻度污染,138,105,193,4.341,45,10,8,69
中度污染,160,122,232,4.043,46,7,7,43
中度污染,162,123,234,4.936,46,7,7,50
中度污染,170,129,244,4.346,50,7,7,37
中度污染,162,123,232,4.678,56,7,7,41
轻度污染,135,103,195,4.541,55,7,7,39
轻度污染,138,105,201,4.388,57,7,8,38
轻度污染,129,98,192,4.156,56,8,9,72
轻度污染,145,111,211,4.715,61,7,9,49
轻度污染,145,111,203,5.066,60,9,9,40
轻度污染,144,110,196,4.454,54,11,8,35
轻度污染,142,108,196,4.359,50,10,8,42
轻度污染,138,105,193,4.79,38,7,7,35
轻度污染,110,83,155,3.903,38,8,7,36
轻度污染,103,77,145,2.746,42,7,7,44
轻度污染,102,76,141,3.754,41,7,7,38
轻度污染,107,80,146,3.918,46,7,7,22
轻度污染,104,78,143,3.856,47,7,7,23
轻度污染,102,76,140,3.818,47,7,7,28
良,97,72,133,3.901,49,7,9,38
良,97,72,136,4.021,48,7,11,32
良,90,67,123,3.835,47,8,12,30
良,77,56,103,3.68,43,13,12,31
良,75,52,99,3.515,41,15,11,31
良,73,50,96,3.652,41,11,12,25
良,68,40,86,3.345,38,10,13,30
良,68,38,85,3.314,40,10,12,35
良,60,28,70,3.183,34,18,14,43
良,59,27,68,3.214,38,18,12,33
良,60,26,70,3.456,52,7,14,63
良,57,23,64,3.329,43,16,19,36
良,57,25,64,3.348,45,15,21,14
良,55,23,60,3.375,52,13,25,17
良,52,20,54,3.156,35,29,25,38
良,58,26,65,3.263,35,28,20,23
良,58,27,65,3.339,36,26,16,20
良,61,29,72,3.618,42,17,13,22
良,63,32,75,3.461,42,12,14,25
良,63,32,76,3.506,46,8,14,37
良,63,31,75,3.388,42,10,14,51
良,56,23,62,3.061,26,26,16,35
良,66,32,81,3.483,43,10,20,42
良,73,39,96,4.112,53,7,30,35
良,58,23,66,3.334,48,21,39,46
良,55,22,60,3.121,32,37,40,39
良,54,24,58,3.171,23,46,34,34
良,55,27,59,3.239,18,46,25,36
良,61,36,72,3.411,24,34,18,27
良,79,58,100,3.768,32,17,14,31
良,70,50,90,3.682,30,12,13,31
良,69,47,87,3.647,30,14,12,28
良,70,49,89,3.546,28,17,12,33
良,66,45,82,3.695,41,10,14,34
良,64,40,77,3.802,45,8,14,33
良,61,35,72,3.727,46,9,17,29
良,64,39,77,3.519,35,18,19,30
良,57,31,63,3.462,35,19,17,26
良,56,30,62,3.428,36,17,16,27
良,57,30,63,3.367,33,19,12,23
良,59,33,68,3.532,36,13,11,24
良,62,35,74,3.476,33,12,11,30
良,63,35,76,3.498,34,10,11,28
良,63,34,76,3.478,32,10,10,29
良,65,34,79,3.448,28,14,9,33
良,69,36,87,3.543,34,10,8,42
良,70,36,90,3.368,38,7,8,57
良,71,38,92,3.412,39,8,8,74
良,70,37,90,3.403,41,8,8,55
良,73,41,96,3.442,42,8,8,50
良,95,64,139,3.841,42,9,8,58
轻度污染,112,80,173,3.99,41,8,8,70
轻度污染,117,84,183,4.081,39,8,8,52
轻度污染,117,81,184,4.074,39,9,7,38
轻度污染,138,99,226,4.267,46,7,7,44
中度污染,200,150,330,4.649,57,7,7,49
重度污染,204,154,325,4.453,55,7,7,39
重度污染,236,178,375,5.024,64,7,7,_
重度污染,235,180,374,4.794,69,7,8,_
重度污染,255,192,388,4.707,70,6,10,52
重度污染,232,182,355,5.156,75,7,16,55
重度污染,226,176,341,5.005,73,8,19,50
重度污染,220,170,351,4.758,64,15,21,48
重度污染,214,164,327,4.66,44,32,22,46
重度污染,213,163,321,4.632,38,21,14,43
重度污染,226,176,336,5.218,24,11,8,34
—,_,_,_,_,_,_,_,38
—,_,_,_,_,_,_,_,28
重度污染,253,180,387,5.019,70,7,7,31
严重污染,307,203,425,5.302,66,7,7,37
重度污染,266,185,396,5.201,65,7,7,54
重度污染,238,177,376,4.869,64,7,8,43
重度污染,275,190,402,5.565,65,7,8,35
重度污染,256,184,389,5.182,68,7,8,43
重度污染,246,175,382,4.773,63,9,8,80
重度污染,218,168,362,4.808,57,8,7,81
重度污染,245,177,381,4.882,47,7,7,60
重度污染,215,165,359,4.864,42,7,7,69
中度污染,161,121,272,4.83,32,7,7,83
中度污染,153,116,255,4.783,38,7,7,93
轻度污染,148,110,245,4.565,38,7,7,70
轻度污染,143,105,235,4.34,42,7,7,68
中度污染,152,110,253,4.288,48,7,9,63
中度污染,158,116,266,4.757,55,7,14,94
中度污染,168,122,285,4.905,70,7,19,109
轻度污染,138,96,226,4.086,69,11,22,87
轻度污染,135,93,220,3.993,61,23,20,77
轻度污染,129,88,207,4.021,52,31,16,92
轻度污染,134,91,218,4.176,52,23,10,73
中度污染,159,118,268,4.72,59,8,7,62
中度污染,170,129,285,4.308,60,7,7,53
中度污染,200,150,339,4.694,66,7,8,52
中度污染,195,144,339,5.157,68,8,8,86
中度污染,187,139,324,4.81,68,7,8,48
中度污染,200,142,349,5.656,75,8,9,40
中度污染,162,112,274,5.488,81,8,10,37
轻度污染,122,82,194,4.048,86,8,14,39
轻度污染,119,76,187,3.868,88,9,18,40
轻度污染,114,72,178,3.836,84,15,18,45
轻度污染,129,93,208,4.198,72,27,14,63
轻度污染,131,95,212,4.005,61,27,12,64
轻度污染,131,91,211,4.479,48,12,8,66
轻度污染,140,99,230,4.418,44,8,7,52
轻度污染,119,80,188,4.261,47,7,7,52
良,100,61,149,3.518,47,7,7,63
轻度污染,110,72,170,4.267,49,7,7,75
轻度污染,133,86,216,4.42,51,7,9,51
轻度污染,117,73,184,4.214,56,7,11,77
轻度污染,103,60,156,4.013,75,7,18,35
良,93,51,136,3.648,74,7,24,29
良,84,41,118,3.337,67,18,26,33
良,79,40,108,3.026,46,35,22,30
良,81,43,111,2.96,40,32,15,15
良,79,41,107,3.016,36,20,10,16
良,84,45,117,3.774,36,8,10,18
良,70,31,90,3.024,45,7,10,20
良,76,36,102,3.167,40,7,11,32
良,67,26,83,2.616,37,17,11,25
良,72,26,93,2.751,50,8,14,24
良,63,17,75,2.673,52,12,22,19
良,68,18,85,2.803,57,9,29,14
良,58,12,65,2.51,53,17,35,16
良,60,12,70,2.326,31,40,34,29
良,62,13,74,2.318,25,42,26,13
良,65,14,80,2.418,27,37,19,18
良,73,17,95,2.642,36,23,18,10
良,76,18,101,2.211,45,10,20,15
良,73,15,95,2.721,46,12,22,35
良,74,14,97,2.287,29,26,20,27
良,71,15,91,2.373,25,30,17,27
良,68,17,86,2.53,38,20,16,18
良,72,22,94,2.876,50,10,24,21
良,59,14,67,2.452,52,12,35,21
良,64,17,77,2.936,57,11,40,33
良,62,15,74,2.374,24,45,38,29
良,59,19,68,2.323,18,56,28,20
轻度污染,108,81,151,3.128,45,7,7,34
轻度污染,137,104,194,2.896,49,8,7,36
轻度污染,144,110,212,2.881,52,8,8,34
良,81,55,112,2.656,50,7,11,15
轻度污染,137,104,200,3.096,55,7,20,17
良,93,64,136,2.795,63,7,29,30
良,79,45,108,2.298,60,20,33,40
良,80,47,110,1.972,36,44,30,39
良,88,56,125,1.964,31,46,21,29
轻度污染,110,83,168,2.252,41,30,12,24
轻度污染,104,74,157,2.518,47,12,8,17
良,90,59,130,2.658,31,7,7,14
良,78,47,106,1.824,32,7,7,17
